{"name":"b3a2f536-e94a-4d2b-b9c1-ae367eb5d9b9","id":"/providers/Microsoft.Flow/flows/b3a2f536-e94a-4d2b-b9c1-ae367eb5d9b9","type":"Microsoft.Flow/flows","properties":{"apiId":"/providers/Microsoft.PowerApps/apis/shared_logicflows","displayName":"PK-ParseLargeExcelFile","definition":{"metadata":{"workflowEntityId":null,"creator":{"id":"708ce29e-8369-48f1-b5d8-980063d6baa6","type":"User","tenantId":"74fc7e58-1f1d-41ec-9025-e17d2083d10b"},"provisioningMethod":"FromDefinition","failureAlertSubscription":true,"clientLastModifiedTime":"2020-03-22T14:11:32.1293591Z"},"$schema":"https://schema.management.azure.com/providers/Microsoft.Logic/schemas/2016-06-01/workflowdefinition.json#","contentVersion":"1.0.0.0","parameters":{"$connections":{"defaultValue":{},"type":"Object"},"$authentication":{"defaultValue":{},"type":"SecureObject"}},"triggers":{"manual":{"type":"Request","kind":"Button","inputs":{"schema":{"type":"object","properties":{},"required":[]}}}},"actions":{"Initialize_variable_-_IsContinue":{"runAfter":{"Initialize_variable_-_AllExcelRows":["Succeeded"]},"type":"InitializeVariable","inputs":{"variables":[{"name":"isContinue","type":"boolean","value":"@true"}]}},"Initialize_variable_-_SkipCount":{"runAfter":{"Initialize_variable_-_IsContinue":["Succeeded"]},"type":"InitializeVariable","inputs":{"variables":[{"name":"skipCount","type":"integer","value":0}]}},"Do_until":{"actions":{"List_rows_present_in_a_table":{"runAfter":{},"metadata":{"01KIZPRRGBRGOYAX2P25DK5HMZVT4IZYUD":"/CropsYieldLarge.xlsx","flowSystemMetadata":{"swaggerOperationId":"GetItems"}},"type":"ApiConnection","inputs":{"host":{"connection":{"name":"@json(decodeBase64(triggerOutputs().headers['X-MS-APIM-Tokens']))['$connections']['shared_excelonlinebusiness']['connectionId']"},"api":{"runtimeUrl":"https://india-001.azure-apim.net/apim/excelonlinebusiness"}},"method":"get","path":"/drives/@{encodeURIComponent('b!8qnKPR6At0Ci70jsJXx5ULp8bsAaxsVHgZAE0xVPOe4ipLyn2IAJQb5yHR8ILvTV')}/files/@{encodeURIComponent('01KIZPRRGBRGOYAX2P25DK5HMZVT4IZYUD')}/tables/@{encodeURIComponent('{36459759-0A97-47E1-82EA-90BE5349752E}')}/items","queries":{"source":"sites/pkdreamcloud.sharepoint.com,3dcaa9f2-801e-40b7-a2ef-48ec257c7950,c06e7cba-c61a-47c5-8190-04d3154f39ee","$top":5000,"$skip":"@variables('skipCount')"},"authentication":{"type":"Raw","value":"@json(decodeBase64(triggerOutputs().headers['X-MS-APIM-Tokens']))['$ConnectionKey']"},"retryPolicy":{"type":"none"}},"runtimeConfiguration":{"paginationPolicy":{"minimumItemCount":5000}}},"Condition_-_IsLastRowFetched":{"actions":{"Set_variable_-_Exit_the_Loop_in_next_iteration":{"runAfter":{},"type":"SetVariable","inputs":{"name":"isContinue","value":"@false"}}},"runAfter":{"List_rows_present_in_a_table":["Succeeded"]},"expression":{"less":["@length(body('List_rows_present_in_a_table')?['value'])",5000]},"type":"If"},"Apply_to_each":{"foreach":"@body('List_rows_present_in_a_table')?['value']","actions":{"Increment_variable_-_allExcelRowsBy1":{"runAfter":{},"type":"IncrementVariable","inputs":{"name":"allExcelRows","value":1}}},"runAfter":{"Condition_-_IsLastRowFetched":["Succeeded"]},"type":"Foreach"},"Increment_variable_-_ForNextSetOfValuesFromTheTable":{"runAfter":{"Apply_to_each":["Succeeded"]},"type":"IncrementVariable","inputs":{"name":"skipCount","value":5000}}},"runAfter":{"Initialize_variable_-_SkipCount":["Succeeded"]},"expression":"@equals(variables('isContinue'), false)","limit":{"count":5000,"timeout":"P5D"},"type":"Until"},"Initialize_variable_-_AllExcelRows":{"runAfter":{},"type":"InitializeVariable","inputs":{"variables":[{"name":"allExcelRows","type":"integer","value":0}]}},"Compose_-_CheckLengthOfArrayForEntireExcelRows":{"runAfter":{"Do_until":["Succeeded"]},"type":"Compose","inputs":"@variables('allExcelRows')"}}},"connectionReferences":{"shared_excelonlinebusiness":{"connectionName":"shared-excelonlinebu-e5393425-d8ff-43c7-baeb-45b9735c4240","source":"Invoker","id":"/providers/Microsoft.PowerApps/apis/shared_excelonlinebusiness","tier":"NotSpecified"}},"flowFailureAlertSubscribed":false}}